id,fold,y_true,prob_logreg,prob_rf,prob_xgb,prob_ensemble
all1437,0,1,0.8793857450654448,0.7967946736608154,0.9763935208320618,0.8841913131861073
all1438,0,1,0.8617836086950662,0.8201011468605653,0.9830144643783568,0.8882997399779962
all1731,0,1,0.4183246638557367,0.2716980873078556,0.1687449514865875,0.2862559008833933
all2512,0,1,0.7817321132109147,0.7131151755448478,0.8591172099113464,0.7846548328890363
all3520,0,1,0.6498630347603683,0.5863009585179556,0.465323805809021,0.5671625996957816
all4160,0,1,0.404084475675443,0.2162386095678443,0.0231724381446838,0.21449850779599036
alr0117,0,1,0.2392457119583491,0.0766934146564293,0.0696667581796646,0.128535294931481
alr1086,0,1,0.3852274993551695,0.0891137278583506,0.0101152695715427,0.16148549892835426
alr1603,0,1,0.5685673998265142,0.5129342839498611,0.4232802093029022,0.5015939643597592
alr2338,0,1,0.6381561647459086,0.3898508200651339,0.2169520407915115,0.414986341867518
alr2835,0,1,0.9996313650738012,0.7539798825720636,0.8869733214378357,0.8801948563612335
alr3712,0,1,0.76638010219821,0.7945899422034173,0.9046590924263,0.8218763789426425
alr3732,0,1,0.7141480032550725,0.5789701632799811,0.8887049555778503,0.7272743740376346
alr5351,0,1,0.9318461391596456,0.8360351437608609,0.9328001141548156,0.9002271323584408
all0177,0,0,0.6681304072804546,0.8621021596085944,0.9858230352401732,0.8386852007097407
all0219,0,0,0.5149825836384121,0.1853439780663491,0.0555410608649253,0.25195587418989546
all0320,0,0,0.2832269276414793,0.1091447456601178,0.0246863849461078,0.13901935274923496
all0330,0,0,0.1386494577528373,0.159376677419384,0.0438519939780235,0.11395937638341495
all0438,0,0,0.6015548424496102,0.5811232358804853,0.8217313289642334,0.6681364690981096
all0592,0,0,0.3894476050117628,0.4002722111034986,0.3171155452728271,0.3689451204626962
all0594,0,0,0.3215064302306272,0.2170972085000618,0.0766563937067985,0.2050866774791625
all0601,0,0,0.4715084591639825,0.0947883415181865,0.0632647350430488,0.20985384524173925
all0635,0,0,0.1409502429308818,0.1063140137919576,0.015371655113995,0.08754530394561146
all0640,0,0,0.3082716861123956,0.1123511520927387,0.0130373211577534,0.1445533864542959
all0737,0,0,0.2218724810975662,0.1546828018401854,0.1051293388009071,0.16056154057955288
all0794,0,0,0.3463954479198412,0.030829953692157,0.0042705289088189,0.12716531017360572
all0801,0,0,0.1811714699292491,0.1942580040020049,0.0596432127058506,0.14502422887903488
all0948,0,0,0.2943347324259415,0.1296135517927952,0.0310231130570173,0.15165713242525133
all1132,0,0,0.3321404319557999,0.1624198742263862,0.054312627762556,0.18295764464824738
all1205,0,0,0.3419494667607123,0.0335629448716971,0.0074009294621646,0.12763778036485798
all1327,0,0,0.3205159090436884,0.1064255286705127,0.0127001898363232,0.14654720918350808
all1367,0,0,0.3708434505150453,0.2566411202080524,0.2398593574762344,0.2891146427331107
all1389,0,0,0.4608303569326404,0.1775657408930987,0.0600128248333931,0.23280297421971075
all1587,0,0,0.3801372506107289,0.417264108332217,0.5872113108634949,0.4615375566021469
all1741,0,0,0.4954528826250279,0.2264885769226097,0.0525852218270301,0.2581755604582226
all1751,0,0,0.5678301043377261,0.2009520166487216,0.1162022650241851,0.29499479533687756
all1756,0,0,0.5013655979109012,0.1201852598210276,0.0219665113836526,0.21450578970519377
all1865,0,0,0.6330920964858484,0.5690140086526877,0.5070708394050598,0.5697256481811986
all2162,0,0,0.0284848654786336,0.2900402515968097,0.0470732003450393,0.12186610580682754
all2340,0,0,0.3475452735915191,0.0490573122902194,0.0182830467820167,0.1382952108879184
all2444,0,0,0.1508353049806608,0.1589640638484561,0.1474339067935943,0.15241109187423707
all2477,0,0,0.3755186090405034,0.0778064824775451,0.0407385341823101,0.16468787523345285
all2521,0,0,0.1996470589792399,0.1534970079942102,0.0179095175117254,0.12368452816172519
all2528,0,0,0.6492304738423872,0.285373095053802,0.1217639371752739,0.352122502023821
all2566,0,0,0.1883816602051557,0.2057050183647688,0.0767582952976226,0.1569483246225157
all2567,0,0,0.7156343757165714,0.8175711653032969,0.9684371948242188,0.8338809119480289
all2652,0,0,0.5419266968388241,0.1061308039849102,0.0055660414509475,0.21787451409156064
all2720,0,0,0.3757703816237266,0.0590915260761897,0.017053147777915,0.15063835182594376
all2750,0,0,0.5435734031893562,0.5907818930972313,0.8288142681121826,0.65438985479959
all2852,0,0,0.3779728235623786,0.1057638199957958,0.0180009976029396,0.167245880387038
all2883,0,0,0.2637193652274793,0.099100802450306,0.0162424147129058,0.12635419413023039
all2908,0,0,0.3992168273689331,0.138775895191417,0.0594713240861892,0.1991546822155131
all2912,0,0,0.3993621298489087,0.0428435495245855,0.0018109485972672,0.14800554265692048
all2916,0,0,0.3083421747610138,0.1384509564846004,0.0226835664361715,0.15649223256059522
all3033,0,0,0.3599084519479215,0.0826189658645526,0.0336711220443248,0.15873284661893297
all3075,0,0,0.3603860050616233,0.0705036548887003,0.0733492597937583,0.168079639914694
all3087,0,0,0.5045932801029259,0.1242472007688785,0.0167990550398826,0.215213178637229
all3160,0,0,0.6415645432567841,0.3979563258289199,0.1779011040925979,0.40580732439276734
all3418,0,0,0.3703609761029202,0.0583716575976241,0.0276747345924377,0.15213578943099398
all3558,0,0,0.2102332537104793,0.0976370782856749,0.0995794907212257,0.13581660757245997
all3567,0,0,0.5202739688826667,0.1800318155321845,0.0099723692983388,0.23675938457106335
all3600,0,0,0.1430244057608042,0.1490949649841604,0.1103768423199653,0.13416540435497662
all3773,0,0,0.5742007329220632,0.2196148099102125,0.2702894210815429,0.35470165463793957
all3853,0,0,0.39391889952428,0.2753238809092466,0.4463840425014496,0.37187560764499206
all3862,0,0,0.16367273626065,0.1769218990071283,0.0841434448957443,0.14157936005450752
all3985,0,0,0.4467861038472607,0.267865947513195,0.1258990615606308,0.2801837043070288
all4000,0,0,0.3371664685067296,0.2393807245725449,0.0152081763371825,0.19725178980548566
all4023,0,0,0.3178348477294886,0.0229246380350788,0.0081779407337307,0.1163124754994327
all4242,0,0,0.206299204260314,0.1072882452693091,0.0382913202047348,0.11729292324478596
all4243,0,0,0.4220057517525071,0.2471499457879965,0.0518280416727066,0.24032791307107007
all4256,0,0,0.53963282107102,0.2696579744647288,0.3023972511291504,0.370562682221633
all4261,0,0,0.4623009508578397,0.1038533490466613,0.0683235749602317,0.21149262495491086
all4284,0,0,0.3411959488311701,0.2188872884185861,0.492307186126709,0.35079680779215505
all4285,0,0,0.3369249441125565,0.0487573020635839,0.010655827820301,0.13211269133214715
all4296,0,0,0.3697266538071022,0.1041769805750691,0.1089035272598266,0.19426905388066595
all4374,0,0,0.533074472691287,0.2157856807956001,0.165606290102005,0.3048221478629641
all4418,0,0,0.6511868200852917,0.3844206415732443,0.0523946434259414,0.3626673683614925
all4446,0,0,0.6789833163964166,0.3918982902714447,0.2863733470439911,0.45241831790395076
all4465,0,0,0.5159653993818181,0.2825487685375606,0.134021982550621,0.3108453834899999
all4518,0,0,0.4899471978054951,0.2115576977630181,0.084016278386116,0.26184039131820974
all4572,0,0,0.3759118319266291,0.3175701509286036,0.1854905933141708,0.2929908587231345
all4607,0,0,0.2919148022724769,0.1386365910957438,0.0214291345328092,0.15066017596700995
all4620,0,0,0.387710518016772,0.0866506711322356,0.0358286164700984,0.170063268539702
all4665,0,0,0.3867189864369885,0.1392752481600766,0.107659064233303,0.21121776627678934
all4690,0,0,0.4857546808324069,0.0999016167569186,0.0034480646718293,0.19636812075371826
all4776,0,0,0.6440836658797789,0.3918662791204857,0.4522115886211395,0.4960538445404681
all4804,0,0,0.2439815848348162,0.0698068818856253,0.0241219140589237,0.11263679359312173
all4820,0,0,0.3023929806567144,0.0200070701543267,0.0024182631168514,0.10827277130929748
all4895,0,0,0.5346610215744798,0.0907360871570492,0.021934961900115,0.21577735687721467
all4999,0,0,0.3974963989963617,0.0920743297292168,0.0260242503136396,0.1718649930130727
all5062,0,0,0.2678373708125132,0.2485372530746417,0.1913709044456482,0.23591517611093438
all5076,0,0,0.2977124627184792,0.1394643915899718,0.0444982461631298,0.16055836682386027
all5096,0,0,0.4406481780883283,0.0585167505247344,0.0079874470829963,0.16905079189868633
all5102,0,0,0.4184847376310213,0.1945048746483247,0.0842244550585746,0.2324046891126402
all5153,0,0,0.550012999814551,0.2035055506788626,0.0108669558539986,0.2547951687824707
all5169,0,0,0.4245572833121088,0.2982277828523041,0.0923939421772956,0.2717263361139028
all5179,0,0,0.6455751904083883,0.1311065463452848,0.0719124749302864,0.2828647372279865
all5215,0,0,0.4173600195399042,0.089195771301291,0.0278586130589246,0.17813813463337325
all5263,0,0,0.5008682903673894,0.1568836684914104,0.1442349255084991,0.26732896145576635
all5292,0,0,0.6525522881293446,0.2855971034641089,0.3679563403129577,0.4353685773021371
all5306,0,0,0.1524703864791645,0.1711904992716902,0.0945045053958892,0.1393884637155813
alr0044,0,0,0.4014621409879937,0.3541375772860101,0.4946460127830505,0.4167485770190181
alr0175,0,0,0.1855453341456003,0.0811066204206116,0.0268901959061622,0.09784738349079136
alr0180,0,0,0.3427848634974054,0.2488742070605526,0.0997084006667137,0.23045582374155724
alr0386,0,0,0.7541577241144898,0.2277437689468759,0.012537864036858,0.3314797856994079
alr0446,0,0,0.6275744148248086,0.2507870976440333,0.0931485146284103,0.3238366756990841
alr0487,0,0,0.9956275912263348,0.2748098269702597,0.2016487121582031,0.4906953767849325
alr0547,0,0,0.3675383243564842,0.4856449840492294,0.6919600963592529,0.5150478015883222
alr0658,0,0,0.2578522565806684,0.3339218846416276,0.4209511280059814,0.3375750897427591
alr0702,0,0,0.298212127561795,0.4336639800184941,0.5637909770011902,0.4318890281938264
alr0799,0,0,0.1716947273677953,0.2001457564894423,0.0447501018643379,0.1388635285738585
alr0943,0,0,0.4159381847717324,0.2103359842363016,0.0316072665154933,0.21929381184117577
alr0970,0,0,0.3361051892337283,0.0785531922880116,0.0407389290630817,0.15179910352827386
alr0990,0,0,0.6239146715734077,0.6838150073924245,0.7150864005088806,0.6742720264915709
alr1028,0,0,0.3807634827846222,0.0523870834461857,0.0099141187965869,0.14768822834246492
alr1031,0,0,0.2698392658508588,0.202714188420553,0.2317453026771545,0.23476625231618878
alr1094,0,0,0.3721599484888996,0.1758510860627238,0.0235151350498199,0.1905087232004811
alr1097,0,0,0.2294753473750032,0.2393542993297738,0.0233083423227071,0.1640459963424947
alr1157,0,0,0.6998033186603,0.5527993341083501,0.698428750038147,0.6503438009355991
alr1194,0,0,0.6200775897168918,0.0965163925335967,0.0101072574034333,0.24223374655130725
alr1222,0,0,0.4193526480000801,0.1770421600781707,0.1563289016485214,0.2509079032422574
alr1312,0,0,0.4352705927308575,0.1506951086175526,0.0349719300866127,0.20697921047834092
alr1336,0,0,0.5256843922796894,0.2524767453480591,0.2535655796527862,0.34390890576017824
alr1507,0,0,0.4696764518024609,0.1398371131897906,0.0574947670102119,0.22233611066748782
alr1514,0,0,0.3357856135224674,0.3578862826839266,0.3640926778316498,0.35258819134601455
alr1535,0,0,0.3808929433966719,0.2172915995014101,0.2855009436607361,0.29456182885293936
alr1548,0,0,0.4407435331104025,0.2804004641900572,0.207306832075119,0.30948360979185957
alr1552,0,0,0.4582178082943597,0.1649768625752299,0.0129719180986285,0.2120555296560727
alr1614,0,0,0.6711281786897478,0.7071561972227951,0.7175127267837524,0.6985990342320983
alr1666,0,0,0.3776526102275247,0.1835241652796433,0.0275552086532115,0.19624399472012652
alr1786,0,0,0.336100686348017,0.497843114754808,0.3772620856761932,0.4037352955930061
alr1819,0,0,0.8105740679492149,0.2815303558219911,0.1577872633934021,0.41663056238820273
alr1821,0,0,0.1692555696101205,0.1114968632346925,0.0106936562806367,0.09714869637514989
alr1896,0,0,0.1302282404166457,0.1077532897732279,0.0509377904236316,0.09630644020450174
alr2064,0,0,0.1198952112476676,0.0452321962181229,0.0181661900132894,0.06109786582635996
alr2079,0,0,0.6089648688230446,0.2712144486276301,0.1900408118963241,0.35674004311566626
alr2111,0,0,0.3966585323851914,0.0650762302264172,0.005938118789345,0.15589096046698456
alr2173,0,0,0.3123546847297432,0.213240195475388,0.1087922230362892,0.21146236774714014
alr2322,0,0,0.2319992299123145,0.0908368082287986,0.0343131385743618,0.11904972557182497
alr2361,0,0,0.1792914096618194,0.1274369331923015,0.0459530465304851,0.117560463128202
alr2372,0,0,0.2768193381048288,0.1406637673236655,0.037183478474617,0.15155552796770377
alr2486,0,0,0.6205693614535486,0.3595458263489002,0.1263141483068466,0.36880977870309845
alr2495,0,0,0.4949756580196859,0.2994580871871599,0.3552237749099731,0.38321917337227296
alr2535,0,0,0.5965786867765277,0.6154190855729899,0.7336989641189575,0.648565578822825
alr2541,0,0,0.6376573307065728,0.1468181046811432,0.033733919262886,0.2727364515502007
alr2723,0,0,0.4351186135124234,0.0820338951901376,0.0551805011928081,0.19077766996512305
alr2743,0,0,0.2877518894543288,0.3163094022943338,0.2887846827507019,0.2976153248331215
alr2744,0,0,0.255821546130836,0.2047556601155181,0.0901166051626205,0.18356460380299155
alr2749,0,0,0.2724466864572645,0.1970701327706903,0.1455681324005127,0.2050283172094892
alr2758,0,0,0.1904054227206984,0.0874489686401866,0.0102458400651812,0.09603341047535541
alr2769,0,0,0.6451630202491211,0.6433697523279297,0.8365857601165771,0.7083728442312093
alr2811,0,0,0.4597790742377488,0.2203404350896723,0.0980048701167106,0.25937479314804385
alr2948,0,0,0.4240032505510198,0.2829967977583142,0.1260972768068313,0.2776991083720551
alr2990,0,0,0.230589865911889,0.161408399975218,0.0757930353283882,0.1559304337384984
alr3018,0,0,0.3070395693479114,0.0559684325199242,0.004846794065088,0.12261826531097451
alr3120,0,0,0.4889757494548879,0.0917217860077966,0.0201535280793905,0.20028368784735837
alr3170,0,0,0.4215706213327875,0.2061912957852102,0.1172332316637039,0.2483317162605672
alr3219,0,0,0.3484164730065556,0.1793580185491435,0.1646177023649215,0.23079739797354018
alr3351,0,0,0.3240405821732511,0.0613674203264237,0.0171584524214267,0.13418881830703383
alr3441,0,0,0.2118936869170679,0.1113394399078989,0.0633141472935676,0.1288490913728448
alr3454,0,0,0.3602198559759722,0.0519147300665301,0.1399038285017013,0.1840128048480679
alr3654,0,0,0.2664318345976754,0.0367012757574748,0.0087097790092229,0.10394762978812434
alr4164,0,0,0.3518034525346698,0.0267328163046898,0.0020009302534163,0.1268457330309253
alr4170,0,0,0.4325176556216653,0.2802614807515798,0.325131356716156,0.34597016436313366
alr4239,0,0,0.4171409146239455,0.1195277007943061,0.0655914172530174,0.20075334422375635
alr4330,0,0,0.2932067555757742,0.1186330724883973,0.024670660495758,0.14550349618664318
alr4542,0,0,0.1748168339513368,0.0544303908955969,0.0104603460058569,0.07990252361759687
alr4621,0,0,0.6407190731475215,0.1336870146780817,0.0345773734152317,0.26966115374694494
alr4691,0,0,0.6496161925991356,0.3874398660921966,0.1555328667163849,0.3975296418025724
alr4711,0,0,0.653896036072039,0.2726387287519823,0.3889288902282715,0.43848788501743097
alr4745,0,0,0.3050152167415101,0.1554741190842842,0.0710243508219719,0.17717122888258874
alr4766,0,0,0.5169372235197786,0.1060740745024796,0.0087558524683117,0.21058905016352328
alr4938,0,0,0.5516184444361522,0.062017560889419,0.0177228227257728,0.2104529426837813
alr4943,0,0,0.3169367458748013,0.0238631613104189,0.0052971998229622,0.11536570233606079
alr4974,0,0,0.6479426445632496,0.2964253083808105,0.1439892649650573,0.36278573930303915
alr5007,0,0,0.6091723928161854,0.2502586733501233,0.0109479324892163,0.29012633288517503
alr5034,0,0,0.4910688017227316,0.1182841531891248,0.091177225112915,0.23351006000825714
alr5050,0,0,0.2132273836097782,0.1352013829664205,0.0382219329476356,0.12888356650794477
alr5067,0,0,0.4567721369666219,0.2732463118062786,0.2524095773696899,0.3274760087141968
alr5164,0,0,0.1371127501734182,0.0813756569732305,0.0167396552860736,0.07840935414424076
alr5291,0,0,0.6477698464585226,0.1556037527309495,0.0521982088685035,0.2851906026859919
all1338,0,1,0.69869607487028,0.0950017585997352,0.0364771112799644,0.27672498158332653
all2760,0,1,0.593885679673843,0.5290632252030877,0.7873982787132263,0.6367823945300524
all4830,0,1,0.3351224822845894,0.0832964542958048,0.0076481541618704,0.14202236358075487
alr1442,0,1,0.7428104328670322,0.4399873839139345,0.2849694490432739,0.4892557552747469
alr2393,0,1,0.6261902297230713,0.2293705286199835,0.059330478310585,0.30496374555121325
alr2394,0,1,0.2611771099102037,6.873573579135593e-05,0.0011140645947307,0.08745330341357525
alr2817,0,1,0.577432557158191,0.3669826853080133,0.1278208643198013,0.3574120355953352
alr2818,0,1,0.6456582089374198,0.3243130229426037,0.0849986597895622,0.35165663055652857
alr3731,0,1,0.6653649694445262,0.5159429463490497,0.5258315801620483,0.5690464986518747
alr5101,0,1,0.3460737694778055,0.0431645992531446,0.0016728529008105,0.1303037405439202
alr5352,0,1,0.9046433482397646,0.5190391145426717,0.8974456787109375,0.7737093804977913
alr5353,0,1,0.6644581165697474,0.6019658466683667,0.8356518745422363,0.7006919459267835
alr5356,0,1,0.4590220371672928,0.5596974316559354,0.8501898050308228,0.6229697579513503
asr3935,0,1,0.5371410950474917,0.0872568932528776,0.0095545016229152,0.2113174966410948
all0012,0,0,0.3728686675806918,0.0100155109838435,0.0068732039071619,0.12991912749056575
all0111,0,0,0.3009961715725089,0.0339782325371483,0.0078392047435045,0.11427120295105392
all0232,0,0,0.4264112212903956,0.1636732425656946,0.0336884409189224,0.20792430159167088
all0244,0,0,0.6379166666399477,0.0691660039619509,0.0102979633957147,0.23912687799920443
all0321,0,0,0.4027967136305008,0.0042577983106994,0.0024463348090648,0.13650028225008834
all0384,0,0,0.3872124194754129,0.0193065916901394,0.0025157760828733,0.1363449290828085
all0385,0,0,0.3734988156770846,0.073472540424037,0.0154437022283673,0.1541383527764963
all0405,0,0,0.4522037590798192,0.0635699436893793,0.0121980514377355,0.17599058473564463
all0569,0,0,0.3220016794388979,0.0331421444778765,0.0022949576377868,0.11914626051818707
all0580,0,0,0.3314745784347947,0.008051357221546,0.0012598549947142,0.11359526355035164
all0713,0,0,0.4096384474808844,0.0235154350066198,0.0034797498956322,0.14554454412771214
all0729,0,0,0.6442766995729945,0.0052461396597755,0.002159382449463,0.217227407227411
all0824,0,0,0.5825752276418708,0.1107418687513221,0.0130829028785228,0.2354666664239052
all0927,0,0,0.6406960238327625,0.513973085523378,0.534498393535614,0.5630558342972515
all0969,0,0,0.6850252705563566,0.0935241234807818,0.0078260786831378,0.2621251575734254
all1172,0,0,0.3885458367808027,0.0972454005784985,0.0117935929447412,0.16586161010134745
all1175,0,0,0.6427003933488687,0.0345465487191205,0.0023304992355406,0.2265258137678433
all1225,0,0,0.5347007717848179,0.2688777111683469,0.1593002080917358,0.32095956368163353
all1227,0,0,0.2016715383246598,0.0067865354126723,0.0029077606741338,0.07045527813715531
all1284,0,0,0.317655449922249,0.0265391496901462,0.0029927776195108,0.11572912574396865
all1354,0,0,0.375273439241594,0.0069273502627128,0.0032104679848998,0.12847041916306887
all1610,0,0,0.3958539982901513,0.044893273547188,0.0050082425586879,0.14858517146534242
all1617,0,0,0.5528072095862269,0.0627464382844005,0.0027124881744384,0.2060887120150219
all1686,0,0,0.5778092537744438,0.161398587431749,0.014313256368041,0.2511736991914113
all1692,0,0,0.5245985596417454,0.0773864084297653,0.0080908061936497,0.2033585914217201
all1694,0,0,0.2717186409319213,0.0372545702217265,0.0060592563822865,0.10501082251197809
all1701,0,0,0.3356864327408145,0.0057213081645289,0.0036614360287785,0.11502305897804065
all1761,0,0,0.4254448895644891,0.0114600868987706,0.0020388450939208,0.14631460718572684
all1764,0,0,0.4173826191295265,0.0857700673703963,0.0052713281475007,0.1694746715491412
all1774,0,0,0.561102878544426,0.0465991528638242,0.0107666961848735,0.20615624253104123
all1823,0,0,0.5148303118156613,0.0340916704542951,0.0021690197754651,0.18369700068180717
all1940,0,0,0.2866972035282895,0.2024848896630373,0.0523971766233444,0.18052642327155707
all1964,0,0,0.3830076589592028,0.022256125352412,0.0029088584706187,0.13605754759407784
all2004,0,0,0.5766626405275153,0.623488459780293,0.5439074039459229,0.5813528347512437
all2021,0,0,0.5675350946638595,0.0444427938636765,0.0046431659720838,0.20554035149987326
all2164,0,0,0.6390795577040228,0.1154986828140826,0.0451504401862621,0.2665762269014558
all2193,0,0,0.6355777722611653,0.0102501905217651,0.0012711804592981,0.21569971441407618
all2473,0,0,0.6519394805707925,0.1040614125197107,0.0064109098166227,0.25413726763570865
all2491,0,0,0.2807551465646389,0.0761111510834604,0.0092014977708458,0.12202259847298169
all2675,0,0,0.5122934085802706,0.1745519256775265,0.061400156468153,0.2494151635753167
all2676,0,0,0.4462310175976502,0.0845145718160084,0.0273770969361066,0.18604089544992172
all2702,0,0,0.7001664059691964,0.1718411974608006,0.0977061241865158,0.32323790920550427
all3035,0,0,0.6509390809955594,0.4841671163397457,0.6285481452941895,0.5878847808764982
all3040,0,0,0.4537323334965486,0.0190074417204626,0.0041645038872957,0.15896809303476897
all3153,0,0,0.5671756702464527,0.0912177091073029,0.0069889603182673,0.22179411322400763
all3161,0,0,0.4959085668358028,0.3538890146160175,0.0771879777312278,0.30899518639434936
all3209,0,0,0.4375408167475408,0.0139286727215169,0.0031883583869785,0.15155261595201205
all3237,0,0,0.6389664042388309,0.0649338491775205,0.0147998835891485,0.23956671233516666
all3259,0,0,0.3656956614140669,0.1197720169841727,0.0140445381402969,0.16650407217951216
all3286,0,0,0.5420074470554442,0.220820233712647,0.090918980538845,0.2845822204356454
all3378,0,0,0.3441790990356682,0.0178764067131812,0.0025119199417531,0.12152247523020082
all3531,0,0,0.6398549167764606,0.1784682518633412,0.0474750138819217,0.28859939417390784
all3540,0,0,0.7101378476393189,0.0073998541469282,0.0055970940738916,0.2410449319533796
all3566,0,0,0.2090642574387204,0.0089456961275291,0.001613805652596,0.07320791973961517
all3633,0,0,0.4820217948449275,0.034162591903244,0.0157487913966178,0.17731105938159641
all3765,0,0,0.6255149269212763,0.193351995717413,0.0369997695088386,0.28528889738250934
all3791,0,0,0.3703720074283573,0.0631880026799857,0.013435635715723,0.148998548608022
all3983,0,0,0.7021028647511505,0.3065018735556693,0.2480512708425521,0.418885336383124
all4152,0,0,0.3606718402409963,0.0250112851779721,0.01101381983608,0.13223231508501612
all4155,0,0,0.3141235854035608,0.0240946567013055,0.0031962061766535,0.11380481609383993
all4245,0,0,0.3636015292539959,0.0184561638622376,0.0042760637588799,0.12877791895837112
all4257,0,0,0.4346278681088821,0.0373677418842043,0.0084271347150206,0.16014091490270235
all4327,0,0,0.5866217246207008,0.0275679702047244,0.0029717176221311,0.20572047081585212
all4335,0,0,0.3263392336974571,0.0531610188490643,0.0019784660544246,0.127159572866982
all4367,0,0,0.6438311233212052,0.3003917822829032,0.1822575330734253,0.37549347955917795
all4379,0,0,0.2651926098325435,0.0439060946726588,0.0060600261203944,0.10505291020853225
all4481,0,0,0.3035178749142373,0.0557015264374618,0.0055176247842609,0.12157900871198667
all4499,0,0,0.6214626289517139,0.2124249715860549,0.1647419482469558,0.33287651626157483
all4556,0,0,0.4687871133958937,0.0091606011414432,0.0026683816686272,0.16020536540198801
all4722,0,0,0.3917075302134605,0.2591575444502891,0.2317786812782287,0.2942145853139928
all4729,0,0,0.6446985313200746,0.682739470940087,0.9467554092407228,0.7580644705002948
all4822,0,0,0.555815814298484,0.3695878506623061,0.1557388007640838,0.36038082190829135
all4824,0,0,0.3015997929484555,0.0747958589966943,0.0075114374049007,0.12796902978335015
all4896,0,0,0.650938587138225,0.0462843292228172,0.0117006879299879,0.23630786809701007
all4902,0,0,0.4548235634013869,0.0473318141920173,0.0045947926118969,0.16891672340176703
all4969,0,0,0.6641761049340913,0.1176753504355065,0.0134502695873379,0.2651005749856452
all5003,0,0,0.3418019477087292,0.0281866055817093,0.0022210355382412,0.12406986294289324
all5174,0,0,0.7477222574961224,0.0903153771794305,0.0128564890474081,0.28363137457432036
all5185,0,0,0.2943089300416247,0.0704181264660165,0.011440897360444,0.1253893179560284
all5309,0,0,0.6343318626715988,0.1440349071161807,0.0147718200460076,0.26437952994459574
all5321,0,0,0.6462729608704285,0.1323175996035277,0.0602823905646801,0.27962431701287876
alr0045,0,0,0.3623143123114664,0.1156963114884217,0.0155699821189045,0.1645268686395975
alr0072,0,0,0.6251022204007777,0.106697195748912,0.0700015723705291,0.26726699617340627
alr0140,0,0,0.4237625018863032,0.1285192531864976,0.0778621956706047,0.21004798358113516
alr0190,0,0,0.4350193302681667,0.0063820186489539,0.0019721987191587,0.14779118254542642
alr0237,0,0,0.3437037507884585,0.1521470389960521,0.0182767827063798,0.17137585749696346
alr0277,0,0,0.8277789429600112,0.0720625809229289,0.0092100445181131,0.3030171894670178
alr0301,0,0,0.3912197112285862,0.0162284858647797,0.0235317181795835,0.1436599717576498
alr0445,0,0,0.6714331940040966,0.0415073411684364,0.0031792633235454,0.23870659949869277
alr0451,0,0,0.4542512857910719,0.2158929243248811,0.0469244234263896,0.2390228778474475
alr0525,0,0,0.4298378443364766,0.0388347361778827,0.0047933151945471,0.15782196523630213
alr0545,0,0,0.2193114271296146,0.0320521543042444,0.0065225576981902,0.08596204637734974
alr0583,0,0,0.3913961719135503,0.135332638111867,0.1761436462402343,0.23429081875521718
alr0608,0,0,0.8203889389482485,0.1901333051467569,0.0824135467410087,0.3643119302786714
alr0789,0,0,0.3783921283142177,0.0522903465149135,0.0026459351647645,0.14444280333129858
alr0871,0,0,0.3774198535398106,0.0158903343790716,0.0075512281619012,0.1336204720269278
alr0880,0,0,0.340016693789952,0.1300988190029646,0.0117994183674454,0.16063831038678733
alr0920,0,0,0.2869515101840275,0.0022512757454712,0.0024940383154898,0.09723227474832948
alr0992,0,0,0.6084808566948295,0.6499572860308076,0.6754155158996582,0.6446178862084317
alr1024,0,0,0.4537533160104814,0.0075039183862894,0.0058628865517675,0.15570670698284608
alr1095,0,0,0.5308069975553895,0.1709890770687287,0.080733448266983,0.26084317429703374
alr1112,0,0,0.3583527349308337,0.1580299229210365,0.0356365852057933,0.1840064143525545
alr1171,0,0,0.4337410921561103,0.1449741571765701,0.0088624339550733,0.19585922776258455
alr1174,0,0,0.5222021023153951,0.2444192697270421,0.0641474872827529,0.2769229531083967
alr1282,0,0,0.3223157831454522,0.0727443075802629,0.0053631383925676,0.13347440970609423
alr1297,0,0,0.2572038582350954,0.1509513716641978,0.0260627623647451,0.14473933075467943
alr1308,0,0,0.5023390988517459,0.0413096789584792,0.0030306936241686,0.18222649047813122
alr1320,0,0,0.2422877195149409,0.0385512088415511,0.0033224814105778,0.0947204699223566
alr1362,0,0,0.6056229322995231,0.181264698982452,0.1017681509256362,0.29621859406920376
alr1450,0,0,0.5955339289597648,0.2523390634127777,0.1558866500854492,0.3345865474859972
alr1506,0,0,0.4906925499897225,0.1617809290961276,0.0495904609560966,0.23402131334731557
alr1602,0,0,0.3766590076436347,0.0261102027395601,0.0019145264523103,0.13489457894516835
alr1674,0,0,0.4475500916219304,0.0907139831584619,0.0207769591361284,0.1863470113055069
alr1675,0,0,0.2838886684764683,0.027417711871877,0.0027551201637834,0.10468716683737624
alr1792,0,0,0.3767164325977091,6.873573579135593e-05,0.0019513468723744,0.12624550506862495
alr1834,0,0,0.4768759505539948,0.2546833868567509,0.0668914839625358,0.26615027379109385
alr1845,0,0,0.339023086972939,0.0096129270598042,0.0072246915660798,0.11862023519960767
alr1883,0,0,0.6097800853518653,0.0227454888659181,0.0062375753186643,0.21292104984548257
alr1891,0,0,0.398550976579472,0.0440983278829569,0.014868076890707,0.15250579378437865
alr1913,0,0,0.6572653024904586,0.1310462091252758,0.0104648591950535,0.2662587902702626
alr1920,0,0,0.5744436692324401,0.2181448684632939,0.0850524082779884,0.2925469819912408
alr2090,0,0,0.391302972207397,0.0222074892750365,0.0018389541655778,0.13844980521600378
alr2204,0,0,0.3682920052348363,0.1288658604299631,0.02686358243227,0.17467381603235646
alr2306,0,0,0.4699876187167952,0.0163453093503067,0.0020049707964062,0.16277929962116935
alr2321,0,0,0.3469431662556243,0.0038171280735419,0.0030488218180835,0.11793637204908325
alr2355,0,0,0.4623351836064719,0.1732676597546063,0.0862626805901527,0.24062184131707698
alr2414,0,0,0.2945941883758327,0.0046865957989583,0.0020097394008189,0.1004301745252033
alr2450,0,0,0.3801063606923086,0.0548369915473486,0.0071894028224051,0.14737758502068743
alr2576,0,0,0.6523259994740023,0.2894817248559793,0.1497482806444168,0.3638520016581328
alr2759,0,0,0.3101005151545177,0.0002640676538455,0.0009557429002597,0.1037734419028743
alr2825,0,0,0.5784656905830367,0.3084031806148128,0.6346240043640137,0.5071642918539544
alr2851,0,0,0.3040644268217763,0.0629308049779248,0.0043569840490818,0.1237840719495943
alr2925,0,0,0.534465433032499,0.0095270717359897,0.0018007229082286,0.1819310758922391
alr2940,0,0,0.4107645338338571,0.059336372276754,0.0059141744859516,0.15867169353218755
alr3099,0,0,0.4486435301714706,0.3383527902474724,0.2066137194633484,0.33120334662743045
alr3119,0,0,0.5760051103951764,0.0137194481128953,0.0077198748476803,0.19914814445191734
alr3183,0,0,0.2585261878956375,0.0113891312123019,0.0022077281028032,0.09070768240358086
alr3210,0,0,0.424970021432461,6.873573579135593e-05,0.0009268302237614,0.14198852913067125
alr3213,0,0,0.3035328227604903,0.1221213675015074,0.0602626353502273,0.161972275204075
alr3229,0,0,0.3114203081228393,0.0205515425883722,0.0055994354188442,0.1125237620433519
alr3260,0,0,0.4365532779690505,0.0551374762642481,0.0064024897292256,0.1660310813208414
alr3276,0,0,0.390204204685059,0.09103905690141,0.0072577665559947,0.1628336760474879
alr3399,0,0,0.4457693166173922,0.3556416689146691,0.1954727321863174,0.3322945725727929
alr3602,0,0,0.4144596941444791,0.3426554831006703,0.2845251858234405,0.34721345435619666
alr3662,0,0,0.254185067556697,0.0106565777834358,0.0035825078375637,0.08947471772589884
alr3725,0,0,0.3739701519711416,0.0020559438274171,0.0011561034480109,0.12572739974885652
alr3761,0,0,0.6432409675125748,0.0051190284520913,0.0023237937130033,0.21689459655922314
alr3884,0,0,0.3108450408138479,0.0997062104864802,0.0297613963484764,0.1467708825496015
alr3904,0,0,0.3329606103048944,0.019226768990842,0.0012900168076157,0.11782579870111737
alr3954,0,0,0.3375981753464322,0.0887590946196112,0.0098698968067765,0.14540905559093997
alr3957,0,0,0.2219336901506455,0.042289427477536,0.0070407488383352,0.09042128882217225
alr4044,0,0,0.5375694605893813,0.3128073019380249,0.2113272100687027,0.35390132419870296
alr4166,0,0,0.4314475801887842,0.0093175214489125,0.0021512091625481,0.14763877026674826
alr4250,0,0,0.5838679613949568,0.44171494032222,0.1858375519514084,0.4038068178895284
alr4346,0,0,0.3870146843411793,0.0540040045195375,0.0030400224495679,0.1480195704367616
alr4435,0,0,0.4537589495851207,0.0383760141196532,0.0046293684281408,0.16558811071097157
alr4528,0,0,0.4618567080198592,0.4303483581073314,0.5844745635986328,0.4922265432419411
alr4741,0,0,0.6120595833790424,0.0565420244907674,0.0094080250710248,0.2260032109802782
alr4808,0,0,0.408599889680685,0.002022471402299,0.0021985780913382,0.13760697972477406
alr4849,0,0,0.3200632200362081,0.0527144709259082,0.0024822731502354,0.12508665470411723
alr5125,0,0,0.3492670855983495,0.0155655438288127,0.0025323636364191,0.12245499768786045
alr5147,0,0,0.5548898435122905,0.1286123027311632,0.0306576993316411,0.23805328185836494
alr5211,0,0,0.4748431974294054,0.1312372022409828,0.0492500253021717,0.2184434749908533
alr5252,0,0,0.3335007414281947,0.00282231177954,0.0024972087703645,0.11294008732603307
alr5260,0,0,0.3275069288584727,0.0086668765198626,0.0071445275098085,0.11443944429604792
alr5275,0,0,0.2120809151333231,0.0874839063362549,0.0241682976484298,0.10791103970600262
alr5279,0,0,0.3449242359266781,0.0024419482768696,0.0058456221595406,0.1177372687876961
all1440,0,1,0.9601789190988138,0.7924133069551432,0.8188159465789795,0.8571360575443121
all1455,0,1,0.9999404249558692,0.6665557779213414,0.7207566499710083,0.7957509509494063
all4496,0,1,0.488782935558455,0.4533804345804818,0.1199727952480316,0.35404538846232275
all4829,0,1,0.3143960378714316,0.2445890545045763,0.1018542423844337,0.22027977825348055
all5345,0,1,0.8532326655187394,0.6897120838570289,0.9366451501846312,0.8265299665201332
all5347,0,1,0.6687763445301966,0.6956891912632864,0.6296643018722534,0.6647099458885788
alr0819,0,1,0.7112125813174582,0.5836703234657159,0.2801819443702698,0.5250216163844813
alr1459,0,1,0.6296182649882418,0.2659979602526539,0.0874500572681427,0.3276887608363461
alr2887,0,1,0.7719632007459178,0.7148461085479892,0.6959470510482788,0.7275854534473952
alr3698,0,1,0.8687328009448998,0.7557520170021017,0.7515773177146912,0.7920207118872309
alr3699,0,1,0.8285168464592989,0.5056144252026651,0.1968076527118683,0.5103129747912775
alr4311,0,1,0.2259896731026812,0.1343728328560515,0.0131960446015,0.1245195168534109
alr4579,0,1,0.278402788735305,0.0908862082603215,0.0161756593734025,0.12848821878967634
alr5355,0,1,0.6856361810890265,0.6993354100285244,0.6597875952720642,0.681586395463205
all0089,0,0,0.3246231009049486,0.0758906145873374,0.02149492315948,0.14066954621725533
all0178,0,0,0.8270013979969814,0.651708247156631,0.3102304637432098,0.5963133696322741
all0327,0,0,0.654783607978535,0.2322963347262929,0.0659265294671058,0.3176688240573112
all0542,0,0,0.6182128418362833,0.0953371958563198,0.0197415761649608,0.24443053795252132
all0579,0,0,0.5000362576942352,0.3346268086714034,0.4139337837696075,0.416198950045082
all0623,0,0,0.2575480181169559,0.1467879927123015,0.0387962013483047,0.1477107373925207
all0807,0,0,0.6557735627731777,0.1403311030669888,0.0287214871495962,0.2749420509965876
all0809,0,0,0.6650159100349163,0.6244745728943119,0.4745116233825683,0.5880007021039322
all0859,0,0,0.3197124510958649,0.0550524283419199,0.0189994219690561,0.13125476713561365
all0984,0,0,0.2915851601527827,0.0626578588127529,0.0173173863440752,0.12385346843653693
all1027,0,0,0.2885291968003114,0.2507068384777232,0.0771017670631408,0.2054459341137251
all1068,0,0,0.6174069041560404,0.2053946530481218,0.060761984437704,0.2945211805472887
all1069,0,0,0.6384263063159695,0.273527612236018,0.0775248855352401,0.3298262680290759
all1079,0,0,0.3162344859328783,0.0930058062911878,0.0122013557702302,0.1404805493314321
all1178,0,0,0.6182745535524096,0.2731464623632786,0.0632669404149055,0.31822931877686456
all1281,0,0,0.2219185489587691,0.0906676668002733,0.015386601909995,0.10932427255634582
all1483,0,0,0.2552602673884651,0.2011839071463443,0.0460003577172756,0.16748151075069498
all1588,0,0,0.2577318537824525,0.1898932196924221,0.0573167987167835,0.16831395739721935
all1606,0,0,0.3265506187275688,0.2091508186357722,0.0386034622788429,0.19143496654739464
all1673,0,0,0.32151542926566,0.1114667092845553,0.0151999667286872,0.14939403509296748
all1688,0,0,0.4104977960890507,0.1103779977634503,0.022248463705182,0.1810414191858943
all1844,0,0,0.4313004186788949,0.0600210436238334,0.015977643430233,0.1690997019109871
all1871,0,0,0.8889817597714796,0.2266963931245667,0.0397712364792823,0.38514979645844294
all2020,0,0,0.5383255251152601,0.1866514418518178,0.0208860300481319,0.24862099900506995
all2097,0,0,0.6923401535256417,0.3117407005575941,0.0776711478829383,0.36058400065539137
all2146,0,0,0.1884732533516545,0.2018933347235346,0.0194823909550905,0.13661632634342655
all2161,0,0,0.5576096090829873,0.2269364796320866,0.0512561723589897,0.27860075369135456
all2243,0,0,0.3840540915159947,0.2020045585890492,0.0939391702413559,0.2266659401154666
all2375,0,0,0.3916888364028253,0.1737992041166147,0.0217091981321573,0.19573241288386578
all2413,0,0,0.6175218999971109,0.1240584222753032,0.0336221046745777,0.2584008089823306
all2556,0,0,0.2383960828945484,0.1385111525748712,0.0240481626242399,0.13365179936455318
all2705,0,0,0.5054022407665545,0.3558699829162333,0.165643572807312,0.3423052654967
all2706,0,0,0.8486081524990969,0.4366870183630029,0.1340323835611343,0.4731091848077447
all2715,0,0,0.2947513073159108,0.2342724109382516,0.027717063203454,0.18558026048587214
all2761,0,0,0.4560553547908921,0.3128612715492244,0.1643710136413574,0.31109587999382465
all2821,0,0,0.6267029183339139,0.2165818414530193,0.0438929162919521,0.2957258920262951
all2874,0,0,0.3176607182657581,0.1719740849588102,0.0515268370509147,0.18038721342516098
all2875,0,0,0.6262146478035895,0.3630269935758426,0.6357201337814331,0.5416539250536218
all2893,0,0,0.2918944558922891,0.0996178402715016,0.0407881401479244,0.14410014543723837
all2917,0,0,0.26196475596773,0.0416228162713278,0.0094364015385508,0.1043413245925362
all2996,0,0,0.2907285026423522,0.0821250841100914,0.0204618014395236,0.1311051293973224
all3116,0,0,0.315723498544587,0.2136783120934738,0.1093158051371574,0.21290587192507274
all3151,0,0,0.536905243850993,0.1687977558469114,0.0261083524674177,0.2439371173884407
all3154,0,0,0.5369364594402317,0.2825092799464334,0.052552044391632,0.290665927926099
all3163,0,0,0.4518048150744463,0.242205899478236,0.0564665794372558,0.25015909799664604
all3354,0,0,0.2074704750434974,0.0554438121984135,0.0362868979573249,0.09973372839974526
all3410,0,0,0.3913863882867704,0.1933193692712002,0.0281951241195201,0.2043002938924969
all3574,0,0,0.1935377220959148,0.0262104325839037,0.0112706422805786,0.0770062656534657
all3575,0,0,0.2972247888648372,0.0691727704433758,0.0326530188322067,0.13301685938013993
all3653,0,0,0.2866992790056821,0.0988394638428448,0.0275176614522933,0.1376854681002734
all3688,0,0,0.5017458361367952,0.3179222155500898,0.3974597156047821,0.40570925576388905
all3746,0,0,0.6406504206924402,0.2552887533348511,0.0384452193975448,0.3114614644749453
all3747,0,0,0.6571684598104587,0.1145822780502379,0.0184471365064382,0.26339929145571156
all3836,0,0,0.6630230591185088,0.3729520526517203,0.205505296587944,0.4138268027860577
all3873,0,0,0.260683548532385,0.1436279761507002,0.0182259492576122,0.14084582464689913
all3891,0,0,0.2825452432034143,0.1466313296215499,0.1787319034337997,0.2026361587529213
all3895,0,0,0.2605541309311841,0.0822835874145321,0.018959442153573,0.12059905349976306
all4003,0,0,0.6081859143329335,0.5373158621255463,0.4417058825492859,0.5290692196692551
all4013,0,0,0.2323221338310159,0.1210112502120195,0.0147337419912219,0.1226890420114191
all4021,0,0,0.4276120701033386,0.3130119544535343,0.1546529978513717,0.29842567413608156
all4024,0,0,0.2024200073985157,0.0256539625821561,0.0074189775623381,0.07849764918100331
all4080,0,0,0.6561340678925183,0.1738986922739953,0.0241826735436916,0.28473847790340173
all4097,0,0,0.4359502305996669,0.1948107942423552,0.1405255794525146,0.2570955347648456
all4107,0,0,0.280957237544494,0.0843166248550158,0.016079094260931,0.12711765222014693
all4110,0,0,0.2223624742032767,0.0715137410620952,0.0850110054016113,0.12629574022232773
all4116,0,0,0.3050251762765634,0.1254519463002976,0.0213662460446357,0.15061445620716557
all4183,0,0,0.2685280096283278,0.2078864713377618,0.0271716210991144,0.1678620340217347
all4246,0,0,0.3037353912801746,0.0953667310717577,0.024714084342122,0.1412720688980181
all4276,0,0,0.4500566090335672,0.1418651532374665,0.016931414604187,0.20295105895840693
all4283,0,0,0.2509158490600659,0.0427541692585228,0.0108625078573822,0.10151084205865697
all4444,0,0,0.4584374239931273,0.3078626320068392,0.3356137573719024,0.36730460445728963
all4502,0,0,0.4428788731496435,0.2778531944052249,0.0470925644040107,0.25594154398629304
all4520,0,0,0.6064266067369688,0.064911168678083,0.0146213844418525,0.22865305328563476
all4668,0,0,0.4754008135460542,0.4834365331901801,0.2395307421684265,0.39945602963488697
all4671,0,0,0.2949037491460482,0.1573004724473498,0.0237976964563131,0.15866730601657036
all4694,0,0,0.4119739902804822,0.113275240643073,0.1069157794117927,0.21072167011178267
all4750,0,0,0.6007351616885787,0.0684841127828217,0.0155387027189135,0.22825265906343795
all4897,0,0,0.4311178655153052,0.128079787263938,0.0312638543546199,0.19682050237795434
all4956,0,0,0.3031421958794298,0.0518763000703702,0.024179883301258,0.12639945975035266
all4960,0,0,0.2524430298103449,0.1954297740775291,0.0525084808468818,0.1667937615782519
all4978,0,0,0.7820188653988056,0.2713295053689568,0.2870943248271942,0.44681423186498553
all4998,0,0,0.4384295556648,0.3439109109086624,0.114822469651699,0.2990543120750538
all5052,0,0,0.2785086451166623,0.1029625628988389,0.0176328793168067,0.13303469577743596
all5123,0,0,0.2600758887293935,0.0909649603902671,0.0747473165392875,0.1419293885529827
all5173,0,0,0.6179421713376049,0.2577960239338607,0.220755934715271,0.36549804332891217
all5278,0,0,0.6555190582133505,0.115011558084213,0.0291064381599426,0.26654568481916874
alr0077,0,0,0.6586127851777998,0.2411814990184846,0.1296936124563217,0.34316263221753535
alr0130,0,0,0.2998962904127885,0.0338606348739669,0.0204708110541105,0.11807591211362196
alr0142,0,0,0.6304994674166124,0.479952380996181,0.1362793445587158,0.4155770643238364
alr0189,0,0,0.2203603248682911,0.0618708226070529,0.0120134726166725,0.09808154003067217
alr0191,0,0,0.4356626940187771,0.1519840707907012,0.0269375909119844,0.20486145190715424
alr0205,0,0,0.402588761651152,0.04537783398532,0.0244617480784654,0.15747611457164581
alr0227,0,0,0.291119837066302,0.1891719442767133,0.3033649325370788,0.261218904626698
alr0299,0,0,0.296926834323399,0.1153008087671143,0.0094201238825917,0.14054925565770168
alr0300,0,0,0.4007856052218041,0.0714051942333257,0.0283223073929548,0.16683770228269487
alr0447,0,0,0.5768749706312559,0.4812428180988646,0.0900408029556274,0.382719530561916
alr0511,0,0,0.3093321641829549,0.1796366332035502,0.0233523454517126,0.1707737142794059
alr0512,0,0,0.287796515236257,0.0952398690287642,0.0606539472937583,0.14789677718625982
alr0530,0,0,0.0120847483751083,0.09893551553524,0.0105349095538258,0.0405183911547247
alr0564,0,0,0.6587837192801161,0.2959016279713192,0.0754079595208168,0.34336443559075075
alr0643,0,0,0.4434912304895813,0.1954204066117903,0.0920997634530067,0.24367046685145943
alr0738,0,0,0.2721648408246479,0.3163398917781614,0.0394087880849838,0.20930450689593105
alr0820,0,0,0.2899990112685536,0.0408186849111951,0.0196414962410926,0.11681973080694712
alr1037,0,0,0.4326004110710128,0.1566241691374773,0.0227817948907613,0.2040021250330838
alr1085,0,0,0.2858838718700888,0.2944231702956197,0.0703088343143463,0.21687195882668495
alr1107,0,0,0.4817509830938621,0.0995420632782771,0.0183256734162569,0.19987290659613202
alr1250,0,0,0.6567065989963919,0.2187193082550975,0.0262834280729293,0.30056977844147287
alr1299,0,0,0.7083785925497091,0.2632708592852402,0.037599291652441,0.3364162478291301
alr1311,0,0,0.4860212210668786,0.3194462927413997,0.3506816029548645,0.3853830389210476
alr1315,0,0,0.3124064062000488,0.2714696430226965,0.0540500022470951,0.21264201715661346
alr1374,0,0,0.2481306292372819,0.0565300979115873,0.0216248333454132,0.10876185349809414
alr1505,0,0,0.3401568021070931,0.5152464570390018,0.143278956413269,0.3328940718531213
alr1543,0,0,0.2969634192563649,0.0422982678817745,0.0176163502037525,0.11895934578063062
alr1554,0,0,0.3054058219017892,0.061112094918286,0.0119200693443417,0.12614599538813898
alr1556,0,0,0.237598945401213,0.0303100822311515,0.0086910994723439,0.09220004236823615
alr1623,0,0,0.5613121586306942,0.1444103645789967,0.0433384180068969,0.24968698040552925
alr2014,0,0,0.2744126725257487,0.0618277484137892,0.0194507706910371,0.118563730543525
alr2075,0,0,0.3394110895873855,0.1551626428631836,0.0213131867349147,0.17196230639516127
alr2279,0,0,0.3190637671614552,0.1618539303643647,0.0481867417693138,0.17636814643171125
alr2326,0,0,0.2916351137966231,0.0899694233951655,0.0434344634413719,0.14167966687772018
alr2351,0,0,0.4310099709376878,0.0755001886084169,0.0144075695425271,0.17363924302954392
alr2385,0,0,0.2416523215077599,0.1759456183728696,0.0298049692064523,0.14913430302902728
alr2386,0,0,0.3245946122748817,0.2437421425244062,0.2009472846984863,0.25642801316592473
alr2405,0,0,0.410419515999946,0.2656629108814001,0.0927525982260704,0.25627834170247216
alr2725,0,0,0.2499683163632929,0.0529190883223621,0.0200368668884038,0.1076414238580196
alr2728,0,0,0.4331825435119234,0.0427816667716377,0.0094225229695439,0.161795577751035
alr2751,0,0,0.2866671946301504,0.1436065635445986,0.0346399694681167,0.1549712425476219
alr2816,0,0,0.2573150805663099,0.1136931590633052,0.023832282051444,0.1316135072270197
alr2946,0,0,0.6563644309273452,0.1747751291642946,0.0323880724608898,0.28784254418417654
alr2987,0,0,0.4125040851801207,0.078282642185438,0.0167270395904779,0.16917125565201221
alr3052,0,0,0.4158585625409803,0.0409446364229462,0.0184470582753419,0.15841675241308947
alr3085,0,0,0.4148884884268097,0.0711707055684179,0.0159544050693511,0.16733786635485956
alr3097,0,0,0.2676011677934617,0.0441807783584135,0.0132544972002506,0.10834548111737528
alr3214,0,0,0.2838670918692402,0.3052177776744514,0.0385009348392486,0.20919526812764677
alr3268,0,0,0.417815845100492,0.1361996249980389,0.0294686984270811,0.19449472284187067
alr3280,0,0,0.5307198001220749,0.1517415940627744,0.0373185873031616,0.23992666049600364
alr3358,0,0,0.4841804205477416,0.3871183498716176,0.1019781380891799,0.324425636169513
alr3573,0,0,0.4357805456579771,0.0595628974044343,0.0162417888641357,0.17052841064218238
alr3576,0,0,0.4157370787981176,0.0666487562133553,0.0332043282687664,0.17186338776007978
alr3648,0,0,0.5250496935672211,0.3606518943119881,0.3080527782440185,0.3979181220410759
alr3649,0,0,0.4220751851791091,0.2067742455420772,0.0643845126032829,0.2310779811081564
alr3714,0,0,0.6561531084182404,0.2804801493578998,0.2935632169246673,0.4100654915669358
alr3808,0,0,0.8528246762774653,0.5837502408374972,0.5832991600036621,0.6732913590395415
alr3877,0,0,0.6225609970246645,0.0976387608306888,0.0253448355942964,0.24851486448321655
alr3906,0,0,0.2851700263235102,0.0292304304056152,0.0147458538413047,0.10971543685681003
alr3919,0,0,0.4375664077571566,0.1448690652971771,0.0163557473570108,0.1995970734704482
alr3995,0,0,0.3013323876921287,0.2639401799724382,0.719234049320221,0.4281688723282626
alr3997,0,0,0.6297895294185248,0.1641980954466716,0.0403908900916576,0.2781261716522847
alr4054,0,0,0.2321705324286143,0.0471499366947454,0.0120362685993313,0.09711891257423033
alr4318,0,0,0.2531808471655459,0.062540946198798,0.055503599345684,0.1237417975700093
alr4398,0,0,0.3052711062473477,0.0700101441041907,0.023286348208785,0.13285586618677447
alr4466,0,0,0.3062460246170912,0.0929888245237059,0.0163286048918962,0.1385211513442311
alr4515,0,0,0.2909669962613293,0.2006374022137771,0.0263357162475585,0.17264670490755496
alr4661,0,0,0.4085351073077539,0.1803891333706926,0.0209632366895675,0.203295825789338
alr4831,0,0,0.2481773048116963,0.2239690223261836,0.3824743032455444,0.2848735434611414
alr4846,0,0,0.2334496490173815,0.0706244847999523,0.0166355744004249,0.10690323607258623
alr4878,0,0,0.6257911734776462,0.2160237487610137,0.0388737507164478,0.2935628909850359
alr4891,0,0,0.2135135374348357,0.0879838680767145,0.0175899304449558,0.10636244531883533
alr4934,0,0,0.2385464390092326,0.0553811222307959,0.0317537635564804,0.10856044159883631
alr4953,0,0,0.4339692851276548,0.1762124139628439,0.0395475886762142,0.21657642925557097
alr4975,0,0,0.486831334880874,0.4404713882048679,0.1122764199972152,0.3465263810276524
alr5068,0,0,0.2702730010491959,0.0702708863601635,0.0168457590043544,0.1191298821379046
alr5084,0,0,0.1155421408592438,0.1061456667510662,0.0113003263249993,0.07766271131176976
alr5178,0,0,0.4534228144053727,0.1461402810903381,0.0280923265963792,0.20921847403069663
alr5254,0,0,0.45833142106118,0.1080864965943617,0.0241482499986886,0.19685538921807677
alr5259,0,0,0.2314641697917184,0.0928082606314464,0.0265563987195491,0.1169429430475713
alr5324,0,0,0.4311124049799321,0.1038217231116879,0.0194306932389736,0.18478827377686455
all0187,0,1,0.3556871496074258,0.3496941906494743,0.1018064022064209,0.269062580821107
all3278,0,1,0.7209036553651574,0.6282369348214605,0.4982009530067444,0.6157805143977875
all3582,0,1,0.276397958282439,0.0205326388652521,0.0044604940339922,0.10046369706056109
all4019,0,1,0.4286006905374584,0.3060886238958634,0.1351318061351776,0.28994037352283314
all4388,0,1,0.4717080255256112,0.3609966584777681,0.15476094186306,0.3291552086221464
all5341,0,1,0.916781537780358,0.9181168053323396,0.9816439747810364,0.9388474392979114
all5346,0,1,0.6504274793930905,0.60877858900563,0.4470648169517517,0.5687569617834908
alr1728,0,1,0.6389618986820013,0.4156695351556299,0.0693453550338745,0.37465892962383524
alr3608,0,1,0.5616834216724427,0.4949126739585832,0.4471437036991119,0.5012465997767126
alr3710,0,1,0.6587655068590923,0.8521088655965167,0.9073894619941713,0.8060879448165933
alr3711,0,1,0.4687552995909342,0.2329702663743591,0.1521737426519394,0.2846331028724109
alr4674,0,1,0.3618768964226549,0.0672065836581195,0.0164795015007257,0.14852099386050002
asr5350,0,1,0.8945664389139023,0.8331155124227924,0.9521740674972534,0.8932853396113161
all0109,0,0,0.2672498872406247,0.1433238614354639,0.0317389592528343,0.147437569309641
all0126,0,0,0.2810048602180194,0.0823609562482339,0.0104557620361447,0.12460719283413267
all0200,0,0,0.3589474309035846,0.0398733708931583,0.0059994882903993,0.13494009669571408
all0254,0,0,0.4540542161709095,0.2130434885156921,0.0335036069154739,0.23353377053402516
all0261,0,0,0.6463338007929144,0.1643964904686027,0.0475257970392704,0.28608536276692914
all0513,0,0,0.2346762815892919,0.2679228127719369,0.0813315659761428,0.19464355344579054
all0638,0,0,0.6088025391391161,0.1369566209476781,0.0072757541202008,0.25101163806899834
all0646,0,0,0.327367986691491,0.1381362405920568,0.0151865677908062,0.16023026502478466
all0723,0,0,0.3240145670811031,0.2437130340416513,0.0376323051750659,0.20178663543260675
all0792,0,0,0.4507893310981789,0.0699597821711591,0.0339316949248313,0.18489360273138977
all0839,0,0,0.3715509374796039,0.0282005461416925,0.012881489470601,0.1375443243639658
all0949,0,0,0.2801927563998057,0.2916818706589905,0.0340162180364131,0.20196361503173643
all1023,0,0,0.2748013672576144,0.0517202377878187,0.0079919369891285,0.11150451401152052
all1256,0,0,0.502574680625835,0.0956376211088546,0.0097269555553793,0.20264641909668965
all1291,0,0,0.4642246174033241,0.2269134531967111,0.0598091334104537,0.25031573467016294
all1325,0,0,0.3998302300104916,0.0315559282316536,0.0089234448969364,0.14676986771302722
all1699,0,0,0.3162578311930455,0.1264209858237063,0.0132074635475873,0.15196209352144638
all1748,0,0,0.5521180693321088,0.4757629404841742,0.2780507504940033,0.4353105867700955
all1944,0,0,0.5737384232497653,0.0865679396479294,0.0187958497554063,0.22636740421770032
all2085,0,0,0.4492347723017376,0.0930986387691703,0.0155107593163847,0.1859480567957642
all2113,0,0,0.4883434192888812,0.2219772610484119,0.0421661548316478,0.25082894505631365
all2333,0,0,0.4714039872760645,0.1868996709600305,0.0630514919757843,0.24045171673729307
all2349,0,0,0.3524913708808505,0.0594274272260741,0.0092752669006586,0.14039802166919438
all2379,0,0,0.661221189658155,0.1130994456593754,0.0387751720845699,0.2710319358007001
all2390,0,0,0.3253757534998091,0.1191286689588555,0.0460812896490097,0.16352857070255808
all2561,0,0,0.4641534145197566,0.1157437794654277,0.0379457287490367,0.20594764091140702
all2623,0,0,0.4561549521422943,0.1354607746318464,0.0147455632686614,0.20212043001426735
all2700,0,0,0.306829696730659,0.0562569389181578,0.0105014620348811,0.12452936589456598
all2810,0,0,0.2835310774572865,0.0838408221826739,0.0122982896864414,0.12655672977546728
all2931,0,0,0.3162412030125599,0.0235584101200936,0.009052351117134,0.1162839880832625
all2952,0,0,0.5394004856789887,0.2742419625347938,0.3651141822338104,0.3929188768158643
all2970,0,0,0.1924125161888541,0.019392675791849,0.0045270430855453,0.0721107450220828
all3143,0,0,0.3974948516562884,0.2937163254162806,0.2001148760318756,0.29710868436814825
all3144,0,0,0.4242456166505539,0.3190021431892489,0.0639263316988945,0.2690580305128991
all3167,0,0,0.5621057591245868,0.0867686017507705,0.0129875214770436,0.22062062745080033
all3206,0,0,0.730283260868489,0.4660818465855826,0.2407993972301483,0.47905483489473993
all3257,0,0,0.336996796751138,0.0575175271939106,0.0054131220094859,0.1333091486515115
all3332,0,0,0.4768217084059444,0.0618832942568286,0.0073933918029069,0.18203279815522663
all3530,0,0,0.3628227379627526,0.014608559308893,0.0063129886984825,0.1279147619900427
all3552,0,0,0.2795034760326321,0.0499653535728431,0.0106742279604077,0.11338101918862763
all3635,0,0,0.4762628699773842,0.0981251722394076,0.013642699457705,0.1960102472248323
all3702,0,0,0.3532384874712932,0.1876922226085205,0.0531188137829303,0.198016507954248
all3750,0,0,0.3756494208177243,0.0408634577018568,0.0079791881144046,0.1414973555446619
all3782,0,0,0.4227888194289207,0.2774118802931378,0.1953068971633911,0.29850253229514984
all3859,0,0,0.2965977685079123,0.0976280546627983,0.0092481477186083,0.13449132362977298
all3875,0,0,0.2350057184095419,0.0749643229741372,0.0304898303002119,0.11348662389463034
all3876,0,0,0.3643218056264164,0.0783320362560879,0.0103036118671298,0.15098581791654472
all3967,0,0,0.3414691617242004,0.1866153120182799,0.0586426369845867,0.195575703575689
all4055,0,0,0.3889021508699938,0.2195572158505891,0.1142257824540138,0.24089504972486556
all4102,0,0,0.35460552510164,0.0078598509208514,0.003856532042846,0.12210730268844579
all4145,0,0,0.4479829165235054,0.2875683451524757,0.0531242489814758,0.262891836885819
all4312,0,0,0.4461042087238089,0.2561158486658352,0.1412932574748993,0.2811711049548478
all4338,0,0,0.2937195064799813,0.13544314291981,0.0103229386731982,0.14649519602432984
all4443,0,0,0.369566094604844,0.0368590276645593,0.0104939872398972,0.13897303650310017
all4450,0,0,0.3366228931953273,0.2632649765060907,0.2059420496225357,0.26860997310798457
all4462,0,0,0.3682106031240094,0.0891064212405207,0.0396507494151592,0.16565592459322975
all4591,0,0,0.239795720584039,0.0690220577033192,0.0150905409827828,0.10796943975671368
all4609,0,0,0.3681473865181732,0.363518018808802,0.2319224029779434,0.32119593610163955
all4639,0,0,0.5887379045210464,0.2066479200976878,0.052989475429058,0.28279176668259737
all4656,0,0,0.2944195717828257,0.162324467219654,0.0436117425560951,0.1667852605195249
all4662,0,0,0.4760202980500114,0.3186418369258938,0.1062696352601051,0.3003105900786701
all4680,0,0,0.3655127409216502,0.0849690224910788,0.0157592538744211,0.15541367242905005
all4727,0,0,0.4820779733521005,0.0567540809891467,0.0059793917462229,0.18160381536249004
all4778,0,0,0.3254866175398498,0.0734586574957077,0.012574104592204,0.13717312654258715
all4789,0,0,0.2545825046764256,0.1273278750466037,0.0223449021577835,0.1347517606269376
all4799,0,0,0.4007898623980347,0.1429078394340593,0.0101888515055179,0.18462885111253727
all4838,0,0,0.7202307394879083,0.1963973618945482,0.017918711528182,0.31151560430354613
all4885,0,0,0.7066927282591684,0.0607352612325936,0.0081821074709296,0.2585366989875639
all4900,0,0,0.553599680202928,0.2822319258785968,0.0396421514451503,0.29182458584222504
all4906,0,0,0.5438948912680619,0.6500333473669466,0.3572317957878113,0.5170533448076066
all4955,0,0,0.5561976842518966,0.0468416830943931,0.0046445941552519,0.20256132050051387
all4967,0,0,0.6134462285423404,0.0800642937824237,0.0153156137093901,0.2362753786780514
all4968,0,0,0.3279883827313203,0.0208500715657638,0.0121871968731284,0.12034188372340417
all4970,0,0,0.6044991291580304,0.1378743893634682,0.0151751246303319,0.2525162143839435
all5037,0,0,0.3580914875255199,0.0651559866972803,0.0166602972894907,0.1466359238374303
all5088,0,0,0.3367540790513698,0.0408839176508054,0.0049265692941844,0.12752152199878652
all5093,0,0,0.4807374961958728,0.1207701843248113,0.0106545463204383,0.20405407561370748
all5166,0,0,0.2914575457714288,0.1816212429397072,0.0174036845564842,0.1634941577558734
all5191,0,0,0.6398314598200292,0.2537200661889355,0.0211246293038129,0.3048920517709259
all5193,0,0,0.464511018187465,0.1248963728878558,0.0241063870489597,0.2045045927080935
all5207,0,0,0.517619372452089,0.19495743093996,0.020384507253766,0.2443204368819383
alr0021,0,0,0.2534234682553884,0.0689265291828989,0.0076483343727886,0.1099994439370253
alr0058,0,0,0.4149860087320435,0.2963675514956986,0.1491619348526001,0.28683849836011405
alr0092,0,0,0.5565106071564674,0.2923733185508058,0.076588749885559,0.30849089186427736
alr0113,0,0,0.3594495393604286,0.1485621096935856,0.0214918795973062,0.17650117621710681
alr0141,0,0,0.4542810513758429,0.0323331102238349,0.0075284102931618,0.16471419063094653
alr0201,0,0,0.2044023173573314,0.2826498229905223,0.0318337827920913,0.17296197437998165
alr0348,0,0,0.3362560725584166,0.2833169104042777,0.164420336484909,0.2613311064825345
alr0452,0,0,0.441157731588032,0.1283389621853208,0.029442710801959,0.1996464681917706
alr0489,0,0,0.4195799195727212,0.2136519878179949,0.1258460283279419,0.253025978572886
alr0522,0,0,0.2976077933350099,0.0092341128980135,0.0042930319905281,0.10371164607451717
alr0559,0,0,0.4681251484408065,0.0283186699082703,0.0070204427465796,0.16782142036521883
alr0656,0,0,0.3961595456176939,0.0709527785839687,0.0081800138577818,0.15843077935314812
alr0787,0,0,0.3882435435992988,0.0289889871871707,0.0040933694690465,0.14044196675183865
alr0834,0,0,0.3993949620733021,0.309002168479901,0.0798981785774231,0.26276510304354206
alr0901,0,0,0.6549697928369862,0.1434127319966062,0.0216114092618227,0.2733313113651384
alr1093,0,0,0.2877302661065492,0.0202374997572413,0.0066103120334446,0.10485935929907837
alr1170,0,0,0.7243083322515441,0.3070219299965856,0.0500026419758796,0.36044430140800315
alr1192,0,0,0.6158552339368099,0.1257805309403248,0.0219025816768407,0.25451278218465845
alr1201,0,0,0.6289981153056257,0.3384584573530866,0.0351644866168499,0.33420701975852074
alr1209,0,0,0.4477538609845895,0.0652220424244222,0.0123218577355146,0.17509925371484214
alr1230,0,0,0.5379630337687088,0.2307325022338387,0.0366930365562438,0.2684628575195971
alr1285,0,0,0.5382970621020694,0.2529420007914112,0.0688815787434578,0.28670688054564614
alr1384,0,0,0.3567561303559594,0.0748017332698873,0.0098287239670753,0.147128862530974
alr1593,0,0,0.2341391902945871,0.0758974606138574,0.0132866399362683,0.10777443028157092
alr1627,0,0,0.5037239867964767,0.173664222198522,0.0560511797666549,0.24447979625388452
alr1656,0,0,0.6411101524626148,0.1558307661459463,0.0213299319148063,0.2727569501744558
alr1700,0,0,0.4418975809860538,0.4540721744870168,0.1570679545402526,0.3510125700044411
alr1798,0,0,0.3259284510934259,0.0288958826947803,0.0094893602654337,0.12143789801787996
alr1869,0,0,0.6475692589871567,0.0603997228379567,0.0101992106065154,0.23938939747720958
alr1912,0,0,0.4252444756013474,0.1285524469313155,0.0296077132225036,0.1944682119183888
alr1927,0,0,0.6191021070441318,0.1166184286734023,0.0129773048684,0.24956594686197806
alr1956,0,0,0.3502190431592464,0.006979043665632,0.0039379219524562,0.12037866959244486
alr1959,0,0,0.4002792186283929,0.3432529161253742,0.24064302444458,0.328058386399449
alr2001,0,0,0.3466455638208811,0.0432546409360263,0.0077805211767554,0.1325602419778876
alr2114,0,0,0.3928014300724927,0.032440458931942,0.0088626677170395,0.14470151890715807
alr2231,0,0,0.3511502006930284,0.242110416314065,0.0500213541090488,0.21442732370538073
alr2264,0,0,0.5487497907431984,0.3177577684317325,0.087448738515377,0.317985432563436
alr2309,0,0,0.320434876051172,0.1783490999973399,0.0473015718162059,0.1820285159549059
alr2328,0,0,0.2855550188045077,0.2016316641234235,0.0149011900648474,0.1673626243309262
alr2446,0,0,0.2591578755899633,0.0696851703789241,0.0089927138760685,0.11261191994831861
alr2479,0,0,0.2915586085914242,0.3553052353024591,0.0860407575964927,0.24430153383012532
alr2532,0,0,0.6271702553461301,0.359909993660229,0.118636630475521,0.36857229316062673
alr2536,0,0,0.6473038163358891,0.2322731510856452,0.0372686386108398,0.30561520201079134
alr2538,0,0,0.634301457320884,0.3142336503445511,0.1181484535336494,0.35556118706636153
alr2730,0,0,0.4884739892600946,0.2934989337120013,0.3091028332710266,0.3636919187477075
alr2881,0,0,0.7042147909291886,0.0486784943135876,0.0116309048607945,0.25484139670119027
alr2886,0,0,0.480073786420657,0.1259585967165155,0.0160076674073934,0.20734668351485533
alr2890,0,0,0.2898462694882025,0.0670994516151222,0.0091101927682757,0.12201863795720014
alr2921,0,0,0.3026936683870591,0.0694290809577797,0.0054018073715269,0.12584151890545522
alr2933,0,0,0.3464548480177317,0.2501337698707275,0.0360531732439994,0.21088059704415285
alr2957,0,0,0.4146113820206535,0.0276968285437919,0.0142613323405385,0.15218984763499463
alr2967,0,0,0.5750405885156561,0.1059628697545534,0.0159563217312097,0.23231992666713971
alr3147,0,0,0.6741415362435513,0.0665910411524585,0.0078003806993365,0.24951098603178212
alr3182,0,0,0.3001013708520121,0.0361458616256158,0.0068606999702751,0.11436931081596767
alr3195,0,0,0.62310381537311,0.5897660740894626,0.5893656015396118,0.6007451636673947
alr3352,0,0,0.2985270797502816,0.0991503749852294,0.0156279206275939,0.13776845845436828
alr3363,0,0,0.4066318511993611,0.1735696056114036,0.0470788702368736,0.2090934423492128
alr3419,0,0,0.3847865798548966,0.0470025950058776,0.0098836347460746,0.14722426986894963
alr3455,0,0,0.6661539969469443,0.278948098878887,0.0447088256478309,0.32993697382455406
alr3599,0,0,0.6558384412481472,0.1254346635453236,0.0129672121256589,0.26474677230637655
alr3685,0,0,0.4625385340626222,0.1249024913148284,0.0240766517817974,0.20383922571974933
alr3723,0,0,0.4087531481813036,0.0770265008421604,0.017092565074563,0.167624071366009
alr3798,0,0,0.4838425189903194,0.1633356652486333,0.0134363928809762,0.2202048590399763
alr3900,0,0,0.3375190969678907,0.1014601009877547,0.0108567718416452,0.1499453232657635
alr3901,0,0,0.3612279487241339,0.1552330467716946,0.0162390992045402,0.17756669823345625
alr4007,0,0,0.4014533155545655,0.0638122448124532,0.0107684740796685,0.15867801148222907
alr4015,0,0,0.291125736000596,0.0195198348785141,0.0046852831728756,0.10511028468399523
alr4079,0,0,0.3833130186445188,0.0911580220434764,0.0250210240483284,0.16649735491210785
alr4100,0,0,0.2977240030448165,0.0679152503436086,0.0091859698295593,0.12494174107266147
alr4132,0,0,0.3012092788704383,0.1219635465797353,0.016165092587471,0.14644597267921486
alr4158,0,0,0.3365230792222639,0.0457105624614454,0.0049750600010156,0.12906956722824162
alr4174,0,0,0.278860376357775,0.0531873495539264,0.0065157823264598,0.11285450274605373
alr4240,0,0,0.5076451270069069,0.1421740057156762,0.0108887972310185,0.22023597665120054
alr4270,0,0,0.4171923089821843,0.0458671234854845,0.0099349273368716,0.15766478660151348
alr4332,0,0,0.2926853671300601,0.0612063204063121,0.0119862519204616,0.12195931315227793
alr4366,0,0,0.5350527883734044,0.0997587558416925,0.0168205611407756,0.2172107017852908
alr4405,0,0,0.6606057236125474,0.1288288139134261,0.021992003545165,0.2704755136903795
alr4550,0,0,0.5465275487945579,0.2924419041327956,0.2532781660556793,0.36408253966101095
alr4553,0,0,0.488610850855745,0.1179470710552432,0.010980674996972,0.20584619896932008
alr4582,0,0,0.3504187325309373,0.1655455354458452,0.0526756159961223,0.18954662799096825
alr4641,0,0,0.2461990238825964,0.0375161447421863,0.0052680536173284,0.09632774074737037
alr4686,0,0,0.5921631215951383,0.6705975349600639,0.7458235025405884,0.6695280530319302
alr4912,0,0,0.651287749798869,0.1167332232339393,0.005693316925317,0.2579047633193751
alr4973,0,0,0.65545483547717,0.3721276387193099,0.0572534278035163,0.36161196733333206
alr4979,0,0,0.3002370188377122,0.0730075078892618,0.0181878395378589,0.13047745542161096
alr5293,0,0,0.4746837605406244,0.2126364359829926,0.0521636456251144,0.24649461404957715
all1517,0,1,0.5593598435321319,0.8085689767001314,0.9893671870231628,0.7857653357518087
all1939,0,1,0.4385757986985637,0.1260101116132407,0.1742627322673797,0.24628288085972802
all2981,0,1,0.4885204867508887,0.2015796770213852,0.1199467182159423,0.27001562732940537
all3850,0,1,0.65741254925597,0.5710358721876918,0.8271782398223877,0.6852088870886832
alr0442,0,1,0.340535466165062,0.0599615412195708,0.0054071051999926,0.1353013708615418
alr2339,0,1,0.6007819978419718,0.2937860053959024,0.1217065900564193,0.3387581977647645
alr2392,0,1,0.4491322518400712,0.0892241261512343,0.0094598215073347,0.18260539983288007
alr2834,0,1,0.6302568361017572,0.6322816530328019,0.8574309349060059,0.7066564746801883
alr3546,0,1,0.60691371542564,0.2032193715140962,0.0394638143479824,0.2831989670959062
alr3952,0,1,0.7496517634426221,0.4340321060238919,0.5893347263336182,0.591006198600044
alr5348,0,1,0.6389611120229093,0.079630131379561,0.0750942751765251,0.2645618395263318
alr5354,0,1,0.6947684936915027,0.4283264344793183,0.7287105321884155,0.6172684867864122
alr5357,0,1,0.8553477662811549,0.521044198469585,0.6688147783279419,0.6817355810262273
all0209,0,0,0.5136796331038928,0.1339050476927771,0.0860968008637428,0.24456049388680423
all0316,0,0,0.3187018966854966,0.0739185413534386,0.0320533588528633,0.14155793229726618
all0355,0,0,0.2583665787067576,0.0807548189570002,0.0149656189605593,0.11802900554143904
all0439,0,0,0.2971969115569169,0.0120277358629539,0.0027121338061988,0.10397892707535654
all0450,0,0,0.5299668785202,0.1907166442261078,0.0999471545219421,0.27354355908941663
all0626,0,0,0.3107802945037066,0.0508236099987132,0.0095659522339701,0.12372328557879664
all0706,0,0,0.6780513851892729,0.0403010533651502,0.0116400951519608,0.24333084456879464
all0788,0,0,0.4370653790586178,0.0538048740872011,0.0188770424574613,0.16991576520109342
all0808,0,0,0.755875262049974,0.6138912471742894,0.9062902331352234,0.7586855807864956
all0906,0,0,0.4131040124196971,0.0365877733915541,0.0082423398271203,0.15264470854612383
all0926,0,0,0.5811645393922462,0.2053092682654856,0.2059616297483444,0.33081181246869207
all1012,0,0,0.5181151125508587,0.4431043958486862,0.7073794007301331,0.5561996363765593
all1022,0,0,0.3359521806754431,0.0136962177747349,0.0085175624117255,0.1193886536206345
all1106,0,0,0.5964081905475779,0.3344214027707625,0.575375497341156,0.5020683635531654
all1110,0,0,0.3588995728056342,0.0484249043758324,0.0104336626827716,0.13925271328807942
all1169,0,0,0.5900964416085419,0.3302450791934624,0.358037918806076,0.4261264798693601
all1211,0,0,0.3601522244028234,0.0182504399939942,0.0135118514299392,0.13063817194225227
all1353,0,0,0.4073255990768232,0.0844559015369439,0.1597695797681808,0.21718369346064934
all1413,0,0,0.7582655968203584,0.1712384530310291,0.0756498649716377,0.33505130494100843
all1420,0,0,0.3645670934835187,0.0174330061410602,0.0081493547186255,0.13004981811440144
all1872,0,0,0.3810227540340926,0.1142081749561993,0.0561507269740104,0.18379388532143406
all2008,0,0,0.6419024623572418,0.1955227574634726,0.2301607429981231,0.3558619876062792
all2050,0,0,0.4858795985769765,0.0771291888066724,0.0266827140003442,0.19656383379466436
all2056,0,0,0.3790556295307263,0.0983721402650744,0.0297882854938507,0.1690720184298838
all2121,0,0,0.3783230649317306,0.0457715317701996,0.0111385341733694,0.14507771029176655
all2166,0,0,0.3251083412782751,0.0594797091954236,0.0133883263915777,0.13265879228842548
all2327,0,0,0.2453019246585076,0.0484301696944414,0.0038158677052706,0.09918265401940653
all2334,0,0,0.6366777987728397,0.0837391737131031,0.0231813695281744,0.24786611400470573
all2381,0,0,0.3249003862587676,0.0157383733568104,0.0061104614287614,0.11558307368144648
all2442,0,0,0.3804009309674248,0.0649806420168753,0.0363717265427112,0.16058443317567042
all2457,0,0,0.5880051018436447,0.1526545919495014,0.0177934765815734,0.25281772345823983
all2461,0,0,0.3899628026763823,0.0470981633027494,0.0599079355597496,0.16565630051296043
all2470,0,0,0.5088109147115972,0.0415369936382924,0.024131141602993,0.19149301665096088
all2508,0,0,0.2548466774962622,0.0463087672022388,0.0060074268840253,0.1023876238608421
all2545,0,0,0.3549124019541513,0.1136010166919096,0.2204919606447219,0.22966845976359426
all2563,0,0,0.2900392440762532,0.1945852495039362,0.0615457296371459,0.1820567410724451
all2651,0,0,0.5894697204010366,0.0928818963665392,0.0511800087988376,0.24451054185547114
all2776,0,0,0.3897335781153973,0.0682972336491586,0.0326742194592952,0.16356834374128368
all2876,0,0,0.420329210379573,0.0755463219367635,0.0242370944470167,0.1733708755877844
all2900,0,0,0.4500255773262691,0.2175912174983799,0.0447590015828609,0.2374585988025033
all3207,0,0,0.6902268828354119,0.152793363721486,0.0338128320872783,0.29227769288139205
all3245,0,0,0.6326372202304329,0.0418720721922712,0.0196551736444234,0.23138815535570914
all3374,0,0,0.2895699945031952,0.0323340639565167,0.0159027650952339,0.11260227451831528
all3375,0,0,0.4518641490485086,0.174166776498078,0.2101670205593109,0.27873264870196585
all3408,0,0,0.3935106229562693,0.1737455373355364,0.0246168654412031,0.1972910085776696
all3532,0,0,0.5348643557555679,0.0621539267177299,0.0352037996053695,0.21074069402622242
all3551,0,0,0.3518270047477903,0.0334038179134056,0.028191540390253,0.13780745435048297
all3788,0,0,0.684837322506914,0.352139194708611,0.1353637874126434,0.3907801015427228
all3869,0,0,0.5328553799367088,0.0775334706339817,0.0378175564110279,0.21606880232723946
all3918,0,0,0.4960355046046252,0.0488275678384161,0.1007131785154342,0.21519208365282516
all3939,0,0,0.5123014002218951,0.2216476368829787,0.6322129368782043,0.45538732466102605
all3971,0,0,0.3726886949469677,0.0726170173672569,0.031842652708292,0.15904945500750553
all4001,0,0,0.2329494115299025,0.0530982583291986,0.0151926092803478,0.10041342637981632
all4002,0,0,0.4809078524568955,0.2735051675991832,0.4071334302425384,0.387182150099539
all4198,0,0,0.3023233589806037,0.090150650172667,0.0233826600015163,0.13861888971826233
all4219,0,0,0.8307575959591625,0.2169418281134313,0.3577379286289215,0.4684791175671718
all4225,0,0,0.6708717829146323,0.173842093021757,0.0702031999826431,0.3049723586396775
all4252,0,0,0.3582575495697344,0.0196152676387132,0.0287260822951793,0.13553296650120897
all4371,0,0,0.4154221451035438,0.1195746670853022,0.0743287652730941,0.20310852582064667
all4461,0,0,0.4285670983897823,0.0666358187326042,0.0613364316523075,0.18551311625823133
all4503,0,0,0.5703896575470152,0.1871857971251958,0.2181139886379242,0.32522981443671173
all4545,0,0,0.4928132363992711,0.1912232440448429,0.3418830931186676,0.3419731911875939
all4730,0,0,0.5637582001148876,0.0619066242856426,0.0197195652872324,0.2151281298959209
all4732,0,0,0.6102878720639664,0.1160796110779579,0.008317882195115,0.2448951217790131
all4752,0,0,0.3663842569417962,0.076586425978268,0.0300795808434486,0.15768342125450427
all4857,0,0,0.391542417533688,0.0292043439197701,0.0467252321541309,0.15582399786919635
all5044,0,0,0.3492371224983859,0.0459406357644393,0.0349592827260494,0.14337901366295822
all5282,0,0,0.2830266663575762,0.1021824242693875,0.0046764793805778,0.1299618566691805
all5323,0,0,0.6213622575517763,0.1781005700573606,0.1183782964944839,0.3059470413678736
alr0022,0,0,0.2102132202163329,0.0641052821661645,0.0105033097788691,0.09494060405378883
alr0063,0,0,0.4215007415792974,0.0795747078572485,0.0200253445655107,0.17370026466735222
alr0069,0,0,0.2977902698377243,0.123538325106213,0.0865017995238304,0.16927679815592256
alr0093,0,0,0.8707236737330031,0.4939407865574396,0.4039237797260284,0.5895294133388237
alr0165,0,0,0.4645442794934525,0.0649266604689925,0.0374290980398654,0.18896667933410347
alr0486,0,0,0.3841401579429825,0.182149127739747,0.4171667695045471,0.32781868506242556
alr0517,0,0,0.3904574737505787,0.0916058103904155,0.035795658826828,0.17261964765594073
alr0577,0,0,0.2659095445194979,0.0983035366837578,0.057570494711399,0.1405945253048849
alr0616,0,0,0.4519273055658392,0.0282085036311679,0.0070926658809185,0.16240949169264188
alr0751,0,0,0.2293960027447655,0.0552205608446294,0.005443527828902,0.0966866971394323
alr0882,0,0,0.3866654202270589,0.1113032869735638,0.1639541685581207,0.2206409585862478
alr0957,0,0,0.6815197493438175,0.2134011224354296,0.1431683897972107,0.3460297538588193
alr0991,0,0,0.4175508971061374,0.3557036481020008,0.8615167737007141,0.5449237729696175
alr1077,0,0,0.3201374441655039,0.0271934898042001,0.0139004765078425,0.12041047015918216
alr1096,0,0,0.622888283139264,0.0982061256624236,0.011420976370573,0.24417179505742023
alr1121,0,0,0.6894457139302478,0.1013859638561921,0.0198790598660707,0.27023691255083687
alr1128,0,0,0.2627291814985011,0.0994395627711338,0.1264423429965973,0.1628703624220774
alr1349,0,0,0.4547683492601665,0.0816070561189304,0.0182844195514917,0.1848866083101962
alr1356,0,0,0.3124176552067186,0.0484244232165911,0.0211976785212755,0.1273465856481951
alr1521,0,0,0.6490408748351117,0.1385094759546149,0.0196698401123285,0.2690733969673517
alr1619,0,0,0.3205298583142733,0.0758371093964201,0.0328220278024673,0.1430629985043869
alr1620,0,0,0.5807499074686183,0.0713581612774786,0.0528035350143909,0.2349705345868293
alr1621,0,0,0.6085927324749367,0.4371902838560445,0.851213812828064,0.6323322763863484
alr1698,0,0,0.4172256455789225,0.0763414050635137,0.0588849931955337,0.1841506812793233
alr1742,0,0,0.2391837432885091,0.0310196408119131,0.0059630721807479,0.0920554854270567
alr1753,0,0,0.290647787438904,0.0554537226192772,0.0207985844463109,0.12230003150149737
alr1923,0,0,0.4125425309446208,0.025123474283858,0.025306424126029,0.15432414311816925
alr1978,0,0,0.3312078745199791,0.0391452911864547,0.0183473993092775,0.1295668550052371
alr2083,0,0,0.3948697413277094,0.0452056868588743,0.0127041423693299,0.15092652351863786
alr2207,0,0,0.2017019873187435,0.0500553980957721,0.0174456723034381,0.08973435257265122
alr2323,0,0,0.2632399634366021,0.0503888179475313,0.0092610279098153,0.10762993643131624
alr2411,0,0,0.6417014996005811,0.3658566772454744,0.3388195633888244,0.4487925800782933
alr2412,0,0,0.5219143273128666,0.1633318375226218,0.1463009268045425,0.27718236388001033
alr2428,0,0,0.7995776992215783,0.2281784333349444,0.129845529794693,0.3858672207837386
alr2432,0,0,0.2163753361783005,0.0689205503965401,0.0100197652354836,0.09843855060344141
alr2454,0,0,0.3414459073540874,0.0549427121871806,0.0127943251281976,0.13639431488982187
alr2539,0,0,0.6459323321376194,0.0410611308200014,0.0349115692079067,0.24063501072184248
alr2628,0,0,0.6073274585194025,0.078638460787149,0.0390818007290363,0.24168257334519594
alr2764,0,0,0.3351706411781379,0.0844926933878585,0.0898693576455116,0.16984423073716934
alr2765,0,0,0.4016697747481532,0.0704749027742852,0.015067278407514,0.16240398530998412
alr2803,0,0,0.5770184606120633,0.2461362947791344,0.1377101838588714,0.3202883130833564
alr2873,0,0,0.5181776219313564,0.0524477489509764,0.1090016439557075,0.22654233827934678
alr2954,0,0,0.3734250236022122,0.2484106791777698,0.1561522185802459,0.25932930712007596
alr2966,0,0,0.6333563927874521,0.0787066025698534,0.0140942195430397,0.24205240496678174
alr2973,0,0,0.3834956009593572,0.0794326520098068,0.0642954930663108,0.1757412486784916
alr3038,0,0,0.4967085296812848,0.0693073822482514,0.0605857223272323,0.20886721141892284
alr3055,0,0,0.4209130563631396,0.0302230645996302,0.0446913428604602,0.16527582127440998
alr3146,0,0,0.6575708026942217,0.0490877536212678,0.0114948991686105,0.23938448516136668
alr3345,0,0,0.6361452871034696,0.1676645012102345,0.0606730058789253,0.2881609313975431
alr3350,0,0,0.4193602127266683,0.0620622091628959,0.0120255965739488,0.164482672821171
alr3361,0,0,0.4021214241759012,0.1135288917382484,0.2311015129089355,0.24891727627436167
alr3362,0,0,0.4552628389552126,0.0562783748010647,0.0234315451234579,0.17832425295991172
alr3442,0,0,0.6177314574451145,0.1486652640094839,0.047411810606718,0.2712695106871054
alr3505,0,0,0.5985830128845673,0.1068251346016182,0.0355381220579147,0.2469820898480334
alr3524,0,0,0.3469296999600417,0.0331676472922809,0.0150477522984147,0.1317150331835791
alr3638,0,0,0.5167692308392922,0.0540456570901435,0.0141603723168373,0.19499175341542432
alr3658,0,0,0.20353720869883,0.117642602718174,0.0115917278453707,0.11092384642079157
alr3672,0,0,0.3588188288289666,0.0273691096705365,0.0500364489853382,0.14540812916161377
alr3689,0,0,0.5863489249340367,0.3782195646418573,0.2577887773513794,0.4074524223090911
alr3724,0,0,0.433561129034456,0.1008638482252587,0.0679189190268516,0.20078129876218878
alr3737,0,0,0.581185306474257,0.0846553695462981,0.0362867899239063,0.2340424886481538
alr3738,0,0,0.3172259492438006,0.008768091372857,0.0092294011265039,0.1117411472477205
alr3813,0,0,0.3656747440212134,0.0315589476817926,0.0194985847920179,0.13891075883167464
alr3871,0,0,0.3711926856971294,0.1056926193748649,0.1401714086532592,0.20568557124175116
alr3988,0,0,0.3540276661023021,0.0952742569314322,0.0405532494187355,0.1632850574841566
alr4075,0,0,0.4389218062941073,0.0823034713828228,0.0556969344615936,0.1923074040461746
alr4099,0,0,0.7313353634471149,0.1462224032384244,0.0737960040569305,0.3171179235808233
alr4129,0,0,0.231539428744439,0.0528621902740118,0.0303073748946189,0.10490299797102322
alr4147,0,0,0.3535504287550698,0.0991740372521917,0.0226784404367208,0.15846763548132745
alr4167,0,0,0.3125218814993638,0.0388721525538868,0.0105900410562753,0.12066135836984197
alr4281,0,0,0.6374252392200248,0.1772865523953578,0.1374282538890838,0.31738001516815545
alr4282,0,0,0.6475606897734035,0.1330603370341422,0.1289183497428894,0.3031797921834784
alr4310,0,0,0.3704190338413786,0.0594048276844793,0.0080374181270599,0.14595375988430592
alr4320,0,0,0.2600158448090857,0.0396700485821914,0.0142353465780615,0.10464041332311287
alr4354,0,0,0.4593356696356863,0.0998623063057309,0.0231773387640714,0.19412510490182952
alr4370,0,0,0.3429282421424856,0.0138894961052876,0.0238615702837705,0.1268931028438479
alr4416,0,0,0.1726323996064384,0.0166541838220817,0.0064626601524651,0.0652497478603284
alr4526,0,0,0.4174620034900481,0.1586766720285871,0.1283765137195587,0.2348383964127313
alr4543,0,0,0.6373339260912009,0.6093719075803514,0.6296567916870117,0.6254542084528546
alr4552,0,0,0.281426016437499,0.0911399597340151,0.0312730222940444,0.13461299948851949
alr4571,0,0,0.3499127858413413,0.0809863074416328,0.0201980266720056,0.15036570665165988
alr4583,0,0,0.2394579650459065,0.0646050173950005,0.0208197329193353,0.10829423845341411
alr4596,0,0,0.3141948499673063,0.0474423113735607,0.0323755145072937,0.13133755861605356
alr4625,0,0,0.3738880274343306,0.1206106395494628,0.026911087334156,0.1738032514393165
alr4715,0,0,0.3287406873577234,0.0512035818513301,0.0105169620364904,0.13015374374851463
alr4781,0,0,0.3617700981541019,0.0088722018349707,0.0078942775726318,0.1261788591872348
alr4833,0,0,0.508131743227612,0.0677900543484391,0.0329126976430416,0.20294483173969757
alr4890,0,0,0.3967180756520901,0.0270843507514078,0.0303212627768516,0.1513745630601165
alr5126,0,0,0.4185439051594347,0.0195239095128235,0.0272575542330741,0.15510845630177741
alr5148,0,0,0.6318970586158303,0.1313104943796229,0.0883330777287483,0.28384687690806715
alr5186,0,0,0.5156677250891109,0.0463334516004424,0.0237892568111419,0.19526347783356504
alr5188,0,0,0.6959776608232043,0.3174901856796001,0.1513120979070663,0.38825998146995694
alr5199,0,0,0.5659761438741248,0.1584393882438486,0.2435657531023025,0.3226604284067586
alr5216,0,0,0.4347073806125202,0.1820112018716383,0.2465817332267761,0.28776677190364486
alr5253,0,0,0.2630399112773943,0.0091826797020092,0.011043319478631,0.09442197015267817
alr5266,0,0,0.3166157582053218,0.110176069019519,0.0289543829858303,0.15191540340355703
alr5294,0,0,0.4179094395227707,0.0688706628336889,0.0050085159018635,0.16392953941944105
alr5326,0,0,0.7030538292851417,0.0365251259199009,0.0363622605800628,0.25864707192836844
